Model Name,Batch Size,Learning Rate,Accuracy,Loss,Confusion Matrix
SwinV2Model,8,0.01,0.7014925479888916,0.7820695502247976,"[19  3  0  0  0  2  0  4 12  4  0  0  6  0  0  3 21  6  0  4  0  0  1  6
 18  0  3  0  4  1  3  2 21  0  0  0  0  6  1  0 18  0  0  1  0  0  0  0
 32]"
ResNextModel,8,0.01,0.5572139024734497,1.1071529661245014,"[17  2  1  1  3  0  0  8  8  7  2  0  1  0  2  4 15  9  1  2  1  2  2  7
 15  0  1  1 10  0  1  3 15  2  0  0  1  1  7  2 11  3  1  0  0  0  0  1
 31]"
